{
  "santos": [
    {
      "id": 1,
      "nombre": "Seiya",
      "constelacion": "Pegaso"
    },
    {
      "id": 2,
      "nombre": "Shiryu",
      "constelacion": "Dragón"
    },
    {
      "id": 3,
      "nombre": "Hyoga",
      "constelacion": "Cisne"
    },
    {
      "id": 4,
      "nombre": "Shun",
      "constelacion": "Andrómeda"
    },
    {
      "id": 5,
      "nombre": "Ikki",
      "constelacion": "Fénix"
    },
    {
      "nombre": "Mü",
      "constelacion": "Aries",
      "id": 6
    },
    {
      "nombre": "Aldebaran",
      "constelacion": "Tauro",
      "id": 7
    },
    {
      "nombre": "Saga",
      "constelacion": "Geminis",
      "id": 8
    },
    {
      "nombre": "Máscara de Muerte",
      "constelacion": "Cancer",
      "id": 9
    },
    {
      "nombre": "Aioria",
      "constelacion": "Leo",
      "id": 10
    },
    {
      "nombre": "Shaka",
      "constelacion": "Virgo",
      "id": 11
    },
    {
      "nombre": "Dohko",
      "constelacion": "Libra",
      "id": 12
    }
  ],
  "dioses": [
    {
      "id": 1,
      "nombre": "Athena",
      "de": "Tierra"
    },
    {
      "id": 2,
      "nombre": "Poseidón",
      "de": "Mar"
    },
    {
      "id": 3,
      "nombre": "Hades",
      "de": "Inframundo"
    },
    {
      "id": 4,
      "nombre": "Zeus",
      "de": "Cielo"
    }
  ]
}
